{
    "providers": [
      {
          "name": "azure_ad",
          "grantType": "client_credentials",
          "authorizationURL": "AZUREAD_SERVER_URL/oauth2/v2.0/authorize",
          "tokenURL": "AZUREAD_SERVER_URL/oauth2/oauth2/v2.0/token",
          "introspectionURL": "AZUREAD_SERVER_URL/oauth2/v2.0/.well-known/openid-configuration",
          "scope": "AZUREAD_API_SCOPE",
          "clientId": "AZUREAD_CLIENT_ID",
          "clientSecret": "AZUREAD_CLIENT_SECRET",
          "logoutURL": "AZUREAD_SERVER_URL/oauth2/v2.0/logout"
      }
    ]
}
