{
    "providers": [
      {
          "name": "okta_clientcredentials",
          "grantType": "client_credentials",
          "authorizationURL": "OKTA_SERVER_URL/oauth2/default/v1/authorize",
          "tokenURL": "OKTA_SERVER_URL/oauth2/default/v1/token",
          "introspectionURL": "OKTA_SERVER_URL/oauth2/default/v1/introspect",
          "scope": "OKTA_API_SCOPE",
          "clientId": "OKTA_CLIENT_ID",
          "clientSecret": "OKTA_CLIENT_SECRET",
          "logoutURL": "OKTA_SERVER_URL/oauth2/default/v1/logout",
          "logoutTokenParam": "id_token_hint"
      }
    ]
}
